file_path,class
cutted_files/VehicleNoise0.wav,1
cutted_files/VehicleNoise1.wav,0
cutted_files/VehicleNoise2.wav,0
cutted_files/VehicleNoise3.wav,0
cutted_files/VehicleNoise4.wav,1
cutted_files/VehicleNoise5.wav,0
cutted_files/VehicleNoise6.wav,1
cutted_files/VehicleNoise7.wav,0
cutted_files/VehicleNoise8.wav,0
cutted_files/VehicleNoise9.wav,1
cutted_files/VehicleNoise10.wav,0
cutted_files/VehicleNoise11.wav,0
cutted_files/VehicleNoise12.wav,1
cutted_files/VehicleNoise13.wav,1
cutted_files/VehicleNoise14.wav,1
cutted_files/VehicleNoise15.wav,1
cutted_files/VehicleNoise16.wav,1
cutted_files/VehicleNoise17.wav,1
cutted_files/VehicleNoise18.wav,0
cutted_files/VehicleNoise19.wav,0
cutted_files/VehicleNoise20.wav,2
cutted_files/VehicleNoise21.wav,0
cutted_files/VehicleNoise22.wav,0
cutted_files/VehicleNoise23.wav,0
cutted_files/VehicleNoise24.wav,0
cutted_files/VehicleNoise25.wav,0
cutted_files/VehicleNoise26.wav,1
cutted_files/VehicleNoise27.wav,0
cutted_files/VehicleNoise28.wav,0
cutted_files/VehicleNoise29.wav,1
cutted_files/VehicleNoise30.wav,0
cutted_files/VehicleNoise31.wav,0
cutted_files/VehicleNoise32.wav,0
cutted_files/VehicleNoise33.wav,1
cutted_files/VehicleNoise34.wav,1
cutted_files/VehicleNoise35.wav,1
cutted_files/VehicleNoise36.wav,0
cutted_files/VehicleNoise37.wav,1
cutted_files/VehicleNoise38.wav,0
cutted_files/VehicleNoise39.wav,0
cutted_files/VehicleNoise40.wav,1
cutted_files/VehicleNoise41.wav,1
cutted_files/VehicleNoise42.wav,0
cutted_files/VehicleNoise43.wav,0
cutted_files/VehicleNoise44.wav,0
cutted_files/VehicleNoise45.wav,1
cutted_files/VehicleNoise46.wav,0
cutted_files/VehicleNoise47.wav,0
cutted_files/VehicleNoise48.wav,0
cutted_files/VehicleNoise49.wav,0
cutted_files/VehicleNoise50.wav,1
cutted_files/VehicleNoise51.wav,0
cutted_files/VehicleNoise52.wav,0
cutted_files/VehicleNoise53.wav,0
cutted_files/VehicleNoise54.wav,1
cutted_files/VehicleNoise55.wav,1
cutted_files/VehicleNoise56.wav,1
cutted_files/VehicleNoise57.wav,0
cutted_files/VehicleNoise58.wav,0
cutted_files/VehicleNoise59.wav,0
cutted_files/VehicleNoise60.wav,0
cutted_files/VehicleNoise61.wav,0
cutted_files/VehicleNoise62.wav,0
cutted_files/VehicleNoise63.wav,1
cutted_files/VehicleNoise64.wav,0
cutted_files/VehicleNoise65.wav,1
cutted_files/VehicleNoise66.wav,1
cutted_files/VehicleNoise67.wav,0
cutted_files/VehicleNoise68.wav,1
cutted_files/VehicleNoise69.wav,1
cutted_files/VehicleNoise70.wav,0
cutted_files/VehicleNoise71.wav,0
cutted_files/VehicleNoise72.wav,0
cutted_files/VehicleNoise73.wav,0
cutted_files/VehicleNoise74.wav,0
cutted_files/VehicleNoise75.wav,0
cutted_files/VehicleNoise76.wav,0
cutted_files/VehicleNoise77.wav,0
cutted_files/VehicleNoise78.wav,0
cutted_files/VehicleNoise79.wav,0
cutted_files/VehicleNoise80.wav,1
cutted_files/VehicleNoise81.wav,0
cutted_files/VehicleNoise82.wav,1
cutted_files/VehicleNoise83.wav,0
cutted_files/VehicleNoise84.wav,1
cutted_files/VehicleNoise85.wav,0
cutted_files/VehicleNoise86.wav,0
cutted_files/VehicleNoise87.wav,0
cutted_files/VehicleNoise88.wav,0
cutted_files/VehicleNoise89.wav,1
cutted_files/VehicleNoise90.wav,0
cutted_files/VehicleNoise91.wav,0
cutted_files/VehicleNoise92.wav,0
cutted_files/VehicleNoise93.wav,0
cutted_files/VehicleNoise94.wav,1
cutted_files/VehicleNoise95.wav,0
cutted_files/VehicleNoise96.wav,0
cutted_files/VehicleNoise97.wav,0
cutted_files/VehicleNoise98.wav,0
cutted_files/VehicleNoise99.wav,0
cutted_files/VehicleNoise100.wav,0
cutted_files/VehicleNoise101.wav,1
cutted_files/VehicleNoise102.wav,0
cutted_files/VehicleNoise103.wav,0
cutted_files/VehicleNoise104.wav,1
cutted_files/VehicleNoise105.wav,1
cutted_files/VehicleNoise106.wav,1
cutted_files/VehicleNoise107.wav,1
cutted_files/VehicleNoise108.wav,0
cutted_files/VehicleNoise109.wav,0
cutted_files/VehicleNoise110.wav,0
cutted_files/VehicleNoise111.wav,1
cutted_files/VehicleNoise112.wav,0
cutted_files/VehicleNoise113.wav,0
cutted_files/VehicleNoise114.wav,0
cutted_files/VehicleNoise115.wav,1
cutted_files/VehicleNoise116.wav,0
cutted_files/VehicleNoise117.wav,0
cutted_files/VehicleNoise118.wav,0
cutted_files/VehicleNoise119.wav,0
cutted_files/VehicleNoise120.wav,0
cutted_files/VehicleNoise121.wav,0
cutted_files/VehicleNoise122.wav,1
cutted_files/VehicleNoise123.wav,1
cutted_files/VehicleNoise124.wav,1
cutted_files/VehicleNoise125.wav,0
cutted_files/VehicleNoise126.wav,0
cutted_files/VehicleNoise127.wav,0
cutted_files/VehicleNoise128.wav,1
cutted_files/VehicleNoise129.wav,0
cutted_files/VehicleNoise130.wav,0
cutted_files/VehicleNoise131.wav,0
cutted_files/VehicleNoise132.wav,1
cutted_files/VehicleNoise133.wav,2
cutted_files/VehicleNoise134.wav,0
cutted_files/VehicleNoise135.wav,1
cutted_files/VehicleNoise136.wav,0
cutted_files/VehicleNoise137.wav,0
cutted_files/VehicleNoise138.wav,0
cutted_files/VehicleNoise139.wav,0
cutted_files/VehicleNoise140.wav,1
cutted_files/VehicleNoise141.wav,1
cutted_files/VehicleNoise142.wav,0
cutted_files/VehicleNoise143.wav,0
cutted_files/VehicleNoise144.wav,0
cutted_files/VehicleNoise145.wav,0
cutted_files/VehicleNoise146.wav,1
cutted_files/VehicleNoise147.wav,0
cutted_files/VehicleNoise148.wav,0
cutted_files/VehicleNoise149.wav,0
cutted_files/VehicleNoise150.wav,1
cutted_files/VehicleNoise151.wav,1
cutted_files/VehicleNoise152.wav,0
cutted_files/VehicleNoise153.wav,1
cutted_files/VehicleNoise154.wav,0
cutted_files/VehicleNoise155.wav,1
cutted_files/VehicleNoise156.wav,0
cutted_files/VehicleNoise157.wav,1
cutted_files/VehicleNoise158.wav,1
cutted_files/VehicleNoise159.wav,0
cutted_files/VehicleNoise160.wav,1
cutted_files/VehicleNoise161.wav,0
cutted_files/VehicleNoise162.wav,0
cutted_files/VehicleNoise163.wav,1
cutted_files/VehicleNoise164.wav,0
cutted_files/VehicleNoise165.wav,0
cutted_files/VehicleNoise166.wav,1
cutted_files/VehicleNoise167.wav,0
cutted_files/VehicleNoise168.wav,1
cutted_files/VehicleNoise169.wav,0
cutted_files/VehicleNoise170.wav,0
cutted_files/VehicleNoise171.wav,0
cutted_files/VehicleNoise172.wav,1
cutted_files/VehicleNoise173.wav,0
cutted_files/VehicleNoise174.wav,0
cutted_files/VehicleNoise175.wav,1
cutted_files/VehicleNoise176.wav,0
cutted_files/VehicleNoise177.wav,0
cutted_files/VehicleNoise178.wav,0
cutted_files/VehicleNoise179.wav,1
cutted_files/VehicleNoise180.wav,1
cutted_files/VehicleNoise181.wav,1
cutted_files/VehicleNoise182.wav,0
cutted_files/VehicleNoise183.wav,1
cutted_files/VehicleNoise184.wav,0
cutted_files/VehicleNoise185.wav,0
cutted_files/VehicleNoise186.wav,1
cutted_files/VehicleNoise187.wav,0
cutted_files/VehicleNoise188.wav,1
cutted_files/VehicleNoise189.wav,1
cutted_files/VehicleNoise190.wav,0
cutted_files/VehicleNoise191.wav,0
cutted_files/VehicleNoise192.wav,0
cutted_files/VehicleNoise193.wav,0
cutted_files/VehicleNoise194.wav,0
cutted_files/VehicleNoise195.wav,0
cutted_files/VehicleNoise196.wav,1
cutted_files/VehicleNoise197.wav,1
cutted_files/VehicleNoise198.wav,0
cutted_files/VehicleNoise199.wav,0
cutted_files/VehicleNoise200.wav,0
cutted_files/VehicleNoise201.wav,0
cutted_files/VehicleNoise202.wav,1
cutted_files/VehicleNoise203.wav,0
cutted_files/VehicleNoise204.wav,0
cutted_files/VehicleNoise205.wav,1
cutted_files/VehicleNoise206.wav,1
cutted_files/VehicleNoise207.wav,0
cutted_files/VehicleNoise208.wav,0
cutted_files/VehicleNoise209.wav,0
cutted_files/VehicleNoise210.wav,1
cutted_files/VehicleNoise211.wav,1
cutted_files/VehicleNoise212.wav,0
cutted_files/VehicleNoise213.wav,0
cutted_files/VehicleNoise214.wav,1
cutted_files/VehicleNoise215.wav,0
cutted_files/VehicleNoise216.wav,1
cutted_files/VehicleNoise217.wav,0
cutted_files/VehicleNoise218.wav,1
cutted_files/VehicleNoise219.wav,1
cutted_files/VehicleNoise220.wav,1
cutted_files/VehicleNoise221.wav,2
cutted_files/VehicleNoise222.wav,0
cutted_files/VehicleNoise223.wav,1
cutted_files/VehicleNoise224.wav,0
cutted_files/VehicleNoise225.wav,1
cutted_files/VehicleNoise226.wav,0
cutted_files/VehicleNoise227.wav,0
cutted_files/VehicleNoise228.wav,1
cutted_files/VehicleNoise229.wav,0
cutted_files/VehicleNoise230.wav,1
cutted_files/VehicleNoise231.wav,0
cutted_files/VehicleNoise232.wav,1
cutted_files/VehicleNoise233.wav,1
cutted_files/VehicleNoise234.wav,1
cutted_files/VehicleNoise235.wav,0
cutted_files/VehicleNoise236.wav,0
cutted_files/VehicleNoise237.wav,2
cutted_files/VehicleNoise238.wav,1
cutted_files/VehicleNoise239.wav,1
cutted_files/VehicleNoise240.wav,1
cutted_files/VehicleNoise241.wav,0
cutted_files/VehicleNoise242.wav,1
cutted_files/VehicleNoise243.wav,1
cutted_files/VehicleNoise244.wav,1
cutted_files/VehicleNoise245.wav,0
cutted_files/VehicleNoise246.wav,0
cutted_files/VehicleNoise247.wav,1
cutted_files/VehicleNoise248.wav,1
cutted_files/VehicleNoise249.wav,1
cutted_files/VehicleNoise250.wav,0
cutted_files/VehicleNoise251.wav,0
cutted_files/VehicleNoise252.wav,1
cutted_files/VehicleNoise253.wav,0
cutted_files/VehicleNoise254.wav,0
cutted_files/VehicleNoise255.wav,0
cutted_files/VehicleNoise256.wav,0
cutted_files/VehicleNoise257.wav,0
cutted_files/VehicleNoise258.wav,0
cutted_files/VehicleNoise259.wav,0
cutted_files/VehicleNoise260.wav,0
cutted_files/VehicleNoise261.wav,0
cutted_files/VehicleNoise262.wav,1
cutted_files/VehicleNoise263.wav,0
cutted_files/VehicleNoise264.wav,2
cutted_files/VehicleNoise265.wav,0
cutted_files/VehicleNoise266.wav,0
cutted_files/VehicleNoise267.wav,0
cutted_files/VehicleNoise268.wav,1
cutted_files/VehicleNoise269.wav,0
cutted_files/VehicleNoise270.wav,0
cutted_files/VehicleNoise271.wav,0
cutted_files/VehicleNoise272.wav,0
cutted_files/VehicleNoise273.wav,1
cutted_files/VehicleNoise274.wav,0
cutted_files/VehicleNoise275.wav,0
cutted_files/VehicleNoise276.wav,1
cutted_files/VehicleNoise277.wav,1
cutted_files/VehicleNoise278.wav,0
cutted_files/VehicleNoise279.wav,1
cutted_files/VehicleNoise280.wav,0
cutted_files/VehicleNoise281.wav,1
cutted_files/VehicleNoise282.wav,1
cutted_files/VehicleNoise283.wav,1
cutted_files/VehicleNoise284.wav,1
cutted_files/VehicleNoise285.wav,0
cutted_files/VehicleNoise286.wav,0
cutted_files/VehicleNoise287.wav,1
cutted_files/VehicleNoise288.wav,0
cutted_files/VehicleNoise289.wav,1
cutted_files/VehicleNoise290.wav,0
cutted_files/VehicleNoise291.wav,0
cutted_files/VehicleNoise292.wav,0
cutted_files/VehicleNoise293.wav,0
cutted_files/VehicleNoise294.wav,0
cutted_files/VehicleNoise295.wav,0
cutted_files/VehicleNoise296.wav,0
cutted_files/VehicleNoise297.wav,0
cutted_files/VehicleNoise298.wav,0
cutted_files/VehicleNoise299.wav,0
cutted_files/VehicleNoise300.wav,0
cutted_files/VehicleNoise301.wav,0
cutted_files/VehicleNoise302.wav,1
cutted_files/VehicleNoise303.wav,1
cutted_files/VehicleNoise304.wav,0
cutted_files/VehicleNoise305.wav,0
cutted_files/VehicleNoise306.wav,0
cutted_files/VehicleNoise307.wav,1
cutted_files/VehicleNoise308.wav,0
cutted_files/VehicleNoise309.wav,0
cutted_files/VehicleNoise310.wav,0
cutted_files/VehicleNoise311.wav,0
cutted_files/VehicleNoise312.wav,0
cutted_files/VehicleNoise313.wav,0
cutted_files/VehicleNoise314.wav,1
cutted_files/VehicleNoise315.wav,0
cutted_files/VehicleNoise316.wav,1
cutted_files/VehicleNoise317.wav,1
cutted_files/VehicleNoise318.wav,0
cutted_files/VehicleNoise319.wav,1
cutted_files/VehicleNoise320.wav,0
cutted_files/VehicleNoise321.wav,1
cutted_files/VehicleNoise322.wav,1
cutted_files/VehicleNoise323.wav,1
cutted_files/VehicleNoise324.wav,0
cutted_files/VehicleNoise325.wav,0
cutted_files/VehicleNoise326.wav,0
cutted_files/VehicleNoise327.wav,0
cutted_files/VehicleNoise328.wav,0
cutted_files/VehicleNoise329.wav,0
cutted_files/VehicleNoise330.wav,0
cutted_files/VehicleNoise331.wav,1
cutted_files/VehicleNoise332.wav,0
cutted_files/VehicleNoise333.wav,0
cutted_files/VehicleNoise334.wav,1
cutted_files/VehicleNoise335.wav,0
cutted_files/VehicleNoise336.wav,1
cutted_files/VehicleNoise337.wav,1
cutted_files/VehicleNoise338.wav,0
cutted_files/VehicleNoise339.wav,0
cutted_files/VehicleNoise340.wav,1
cutted_files/VehicleNoise341.wav,1
cutted_files/VehicleNoise342.wav,0
cutted_files/VehicleNoise343.wav,0
cutted_files/VehicleNoise344.wav,0
cutted_files/VehicleNoise345.wav,1
cutted_files/VehicleNoise346.wav,0
cutted_files/VehicleNoise347.wav,0
cutted_files/VehicleNoise348.wav,1
cutted_files/VehicleNoise349.wav,0
cutted_files/VehicleNoise350.wav,0
cutted_files/VehicleNoise351.wav,0
cutted_files/VehicleNoise352.wav,0
cutted_files/VehicleNoise353.wav,0
cutted_files/VehicleNoise354.wav,1
cutted_files/VehicleNoise355.wav,0
cutted_files/VehicleNoise356.wav,1
cutted_files/VehicleNoise357.wav,2
cutted_files/VehicleNoise358.wav,0
cutted_files/VehicleNoise359.wav,1
cutted_files/VehicleNoise360.wav,1
cutted_files/VehicleNoise361.wav,0
cutted_files/VehicleNoise362.wav,0
cutted_files/VehicleNoise363.wav,0
cutted_files/VehicleNoise364.wav,0
cutted_files/VehicleNoise365.wav,0
cutted_files/VehicleNoise366.wav,0
cutted_files/VehicleNoise367.wav,0
cutted_files/VehicleNoise368.wav,0
cutted_files/VehicleNoise369.wav,0
cutted_files/VehicleNoise370.wav,0
cutted_files/VehicleNoise371.wav,1
cutted_files/VehicleNoise372.wav,1
cutted_files/VehicleNoise373.wav,0
cutted_files/VehicleNoise374.wav,1
cutted_files/VehicleNoise375.wav,2
cutted_files/VehicleNoise376.wav,1
cutted_files/VehicleNoise377.wav,0
cutted_files/VehicleNoise378.wav,0
cutted_files/VehicleNoise379.wav,1
cutted_files/VehicleNoise380.wav,0
cutted_files/VehicleNoise381.wav,1
cutted_files/VehicleNoise382.wav,1
cutted_files/VehicleNoise383.wav,1
cutted_files/VehicleNoise384.wav,0
cutted_files/VehicleNoise385.wav,1
cutted_files/VehicleNoise386.wav,0
cutted_files/VehicleNoise387.wav,0
cutted_files/VehicleNoise388.wav,0
cutted_files/VehicleNoise389.wav,0
cutted_files/VehicleNoise390.wav,0
cutted_files/VehicleNoise391.wav,0
cutted_files/VehicleNoise392.wav,0
cutted_files/VehicleNoise393.wav,0
cutted_files/VehicleNoise394.wav,0
cutted_files/VehicleNoise395.wav,0
cutted_files/VehicleNoise396.wav,1
cutted_files/VehicleNoise397.wav,1
cutted_files/VehicleNoise398.wav,1
cutted_files/VehicleNoise399.wav,0
cutted_files/VehicleNoise400.wav,1
cutted_files/VehicleNoise401.wav,1
cutted_files/VehicleNoise402.wav,0
cutted_files/VehicleNoise403.wav,0
cutted_files/VehicleNoise404.wav,0
cutted_files/VehicleNoise405.wav,0
cutted_files/VehicleNoise406.wav,1
cutted_files/VehicleNoise407.wav,0
cutted_files/VehicleNoise408.wav,0
cutted_files/VehicleNoise409.wav,0
cutted_files/VehicleNoise410.wav,1
cutted_files/VehicleNoise411.wav,0
cutted_files/VehicleNoise412.wav,0
cutted_files/VehicleNoise413.wav,0
cutted_files/VehicleNoise414.wav,0
cutted_files/VehicleNoise415.wav,0
cutted_files/VehicleNoise416.wav,1
cutted_files/VehicleNoise417.wav,0
cutted_files/VehicleNoise418.wav,0
cutted_files/VehicleNoise419.wav,0
cutted_files/VehicleNoise420.wav,0
cutted_files/VehicleNoise421.wav,0
cutted_files/VehicleNoise422.wav,1
cutted_files/VehicleNoise423.wav,2
cutted_files/VehicleNoise424.wav,1
cutted_files/VehicleNoise425.wav,1
cutted_files/VehicleNoise426.wav,1
cutted_files/VehicleNoise427.wav,0
cutted_files/VehicleNoise428.wav,1
cutted_files/VehicleNoise429.wav,0
cutted_files/VehicleNoise430.wav,1
cutted_files/VehicleNoise431.wav,0
cutted_files/VehicleNoise432.wav,0
cutted_files/VehicleNoise433.wav,0
cutted_files/VehicleNoise434.wav,1
cutted_files/VehicleNoise435.wav,1
cutted_files/VehicleNoise436.wav,1
cutted_files/VehicleNoise437.wav,0
cutted_files/VehicleNoise438.wav,0
cutted_files/VehicleNoise439.wav,0
cutted_files/VehicleNoise440.wav,1
cutted_files/VehicleNoise441.wav,0
cutted_files/VehicleNoise442.wav,0
cutted_files/VehicleNoise443.wav,0
cutted_files/VehicleNoise444.wav,1
cutted_files/VehicleNoise445.wav,1
cutted_files/VehicleNoise446.wav,1
cutted_files/VehicleNoise447.wav,1
cutted_files/VehicleNoise448.wav,0
cutted_files/VehicleNoise449.wav,0
cutted_files/VehicleNoise450.wav,1
cutted_files/VehicleNoise451.wav,0
cutted_files/VehicleNoise452.wav,0
cutted_files/VehicleNoise453.wav,0
cutted_files/VehicleNoise454.wav,0
cutted_files/VehicleNoise455.wav,1
cutted_files/VehicleNoise456.wav,0
cutted_files/VehicleNoise457.wav,1
cutted_files/VehicleNoise458.wav,0
cutted_files/VehicleNoise459.wav,0
cutted_files/VehicleNoise460.wav,0
cutted_files/VehicleNoise461.wav,0
cutted_files/VehicleNoise462.wav,0
cutted_files/VehicleNoise463.wav,1
cutted_files/VehicleNoise464.wav,1
cutted_files/VehicleNoise465.wav,0
cutted_files/VehicleNoise466.wav,0
cutted_files/VehicleNoise467.wav,0
cutted_files/VehicleNoise468.wav,0
cutted_files/VehicleNoise469.wav,0
cutted_files/VehicleNoise470.wav,1
cutted_files/VehicleNoise471.wav,1
cutted_files/VehicleNoise472.wav,1
cutted_files/VehicleNoise473.wav,1
cutted_files/VehicleNoise474.wav,0
cutted_files/VehicleNoise475.wav,0
cutted_files/VehicleNoise476.wav,1
cutted_files/VehicleNoise477.wav,1
cutted_files/VehicleNoise478.wav,0
cutted_files/VehicleNoise479.wav,0
cutted_files/VehicleNoise480.wav,1
cutted_files/VehicleNoise481.wav,1
cutted_files/VehicleNoise482.wav,1
cutted_files/VehicleNoise483.wav,0
cutted_files/VehicleNoise484.wav,1
cutted_files/VehicleNoise485.wav,1
cutted_files/VehicleNoise486.wav,1
cutted_files/VehicleNoise487.wav,1
cutted_files/VehicleNoise488.wav,0
cutted_files/VehicleNoise489.wav,0
cutted_files/VehicleNoise490.wav,0
cutted_files/VehicleNoise491.wav,0
cutted_files/VehicleNoise492.wav,0
cutted_files/VehicleNoise493.wav,1
cutted_files/VehicleNoise494.wav,0
cutted_files/VehicleNoise495.wav,0
cutted_files/VehicleNoise496.wav,0
cutted_files/VehicleNoise497.wav,0
cutted_files/VehicleNoise498.wav,0
cutted_files/VehicleNoise499.wav,0
cutted_files/VehicleNoise500.wav,1
cutted_files/VehicleNoise501.wav,0
cutted_files/VehicleNoise502.wav,0
cutted_files/VehicleNoise503.wav,0
cutted_files/VehicleNoise504.wav,0
cutted_files/VehicleNoise505.wav,0
cutted_files/VehicleNoise506.wav,0
cutted_files/VehicleNoise507.wav,0
cutted_files/VehicleNoise508.wav,0
cutted_files/VehicleNoise509.wav,1
cutted_files/VehicleNoise510.wav,0
cutted_files/VehicleNoise511.wav,0
cutted_files/VehicleNoise512.wav,0
cutted_files/VehicleNoise513.wav,0
cutted_files/VehicleNoise514.wav,0
cutted_files/VehicleNoise515.wav,1
cutted_files/VehicleNoise516.wav,1
cutted_files/VehicleNoise517.wav,0
cutted_files/VehicleNoise518.wav,0
cutted_files/VehicleNoise519.wav,1
cutted_files/VehicleNoise520.wav,1
cutted_files/VehicleNoise521.wav,0
cutted_files/VehicleNoise522.wav,0
cutted_files/VehicleNoise523.wav,1
cutted_files/VehicleNoise524.wav,0
cutted_files/VehicleNoise525.wav,0
cutted_files/VehicleNoise526.wav,0
cutted_files/VehicleNoise527.wav,0
cutted_files/VehicleNoise528.wav,0
cutted_files/VehicleNoise529.wav,1
cutted_files/VehicleNoise530.wav,0
cutted_files/VehicleNoise531.wav,0
cutted_files/VehicleNoise532.wav,1
cutted_files/VehicleNoise533.wav,1
cutted_files/VehicleNoise534.wav,0
cutted_files/VehicleNoise535.wav,0
cutted_files/VehicleNoise536.wav,1
cutted_files/VehicleNoise537.wav,1
cutted_files/VehicleNoise538.wav,0
cutted_files/VehicleNoise539.wav,0
cutted_files/VehicleNoise540.wav,1
cutted_files/VehicleNoise541.wav,0
cutted_files/VehicleNoise542.wav,1
cutted_files/VehicleNoise543.wav,1
cutted_files/VehicleNoise544.wav,0
cutted_files/VehicleNoise545.wav,0
cutted_files/VehicleNoise546.wav,0
cutted_files/VehicleNoise547.wav,1
cutted_files/VehicleNoise548.wav,0
cutted_files/VehicleNoise549.wav,1
cutted_files/VehicleNoise550.wav,0
cutted_files/VehicleNoise551.wav,0
cutted_files/VehicleNoise552.wav,0
cutted_files/VehicleNoise553.wav,1
cutted_files/VehicleNoise554.wav,0
cutted_files/VehicleNoise555.wav,0
cutted_files/VehicleNoise556.wav,1
cutted_files/VehicleNoise557.wav,0
cutted_files/VehicleNoise558.wav,1
cutted_files/VehicleNoise559.wav,0
cutted_files/VehicleNoise560.wav,0
cutted_files/VehicleNoise561.wav,1
cutted_files/VehicleNoise562.wav,1
cutted_files/VehicleNoise563.wav,0
cutted_files/VehicleNoise564.wav,0
cutted_files/VehicleNoise565.wav,0
cutted_files/VehicleNoise566.wav,1
cutted_files/VehicleNoise567.wav,0
cutted_files/VehicleNoise568.wav,1
cutted_files/VehicleNoise569.wav,0
cutted_files/VehicleNoise570.wav,1
cutted_files/VehicleNoise571.wav,1
cutted_files/VehicleNoise572.wav,0
cutted_files/VehicleNoise573.wav,0
cutted_files/VehicleNoise574.wav,1
cutted_files/VehicleNoise575.wav,0
cutted_files/VehicleNoise576.wav,1
cutted_files/VehicleNoise577.wav,0
cutted_files/VehicleNoise578.wav,0
cutted_files/VehicleNoise579.wav,0
cutted_files/VehicleNoise580.wav,0
cutted_files/VehicleNoise581.wav,0
cutted_files/VehicleNoise582.wav,0
cutted_files/VehicleNoise583.wav,0
cutted_files/VehicleNoise584.wav,0
cutted_files/VehicleNoise585.wav,0
cutted_files/VehicleNoise586.wav,0
cutted_files/VehicleNoise587.wav,0
cutted_files/VehicleNoise588.wav,1
cutted_files/VehicleNoise589.wav,0
cutted_files/VehicleNoise590.wav,0
cutted_files/VehicleNoise591.wav,0
cutted_files/VehicleNoise592.wav,0
cutted_files/VehicleNoise593.wav,0
cutted_files/VehicleNoise594.wav,1
cutted_files/VehicleNoise595.wav,1
cutted_files/VehicleNoise596.wav,1
cutted_files/VehicleNoise597.wav,0
cutted_files/VehicleNoise598.wav,0
cutted_files/VehicleNoise599.wav,0
cutted_files/VehicleNoise600.wav,0
cutted_files/VehicleNoise601.wav,0
cutted_files/VehicleNoise602.wav,0
cutted_files/VehicleNoise603.wav,0
cutted_files/VehicleNoise604.wav,1
cutted_files/VehicleNoise605.wav,1
cutted_files/VehicleNoise606.wav,1
cutted_files/VehicleNoise607.wav,0
cutted_files/VehicleNoise608.wav,0
cutted_files/VehicleNoise609.wav,1
cutted_files/VehicleNoise610.wav,1
cutted_files/VehicleNoise611.wav,0
cutted_files/VehicleNoise612.wav,0
cutted_files/VehicleNoise613.wav,1
cutted_files/VehicleNoise614.wav,0
cutted_files/VehicleNoise615.wav,1
cutted_files/VehicleNoise616.wav,1
cutted_files/VehicleNoise617.wav,1
cutted_files/VehicleNoise618.wav,2
cutted_files/VehicleNoise619.wav,0
cutted_files/VehicleNoise620.wav,0
cutted_files/VehicleNoise621.wav,0
cutted_files/VehicleNoise622.wav,1
cutted_files/VehicleNoise623.wav,0
cutted_files/VehicleNoise624.wav,0
cutted_files/VehicleNoise625.wav,1
cutted_files/VehicleNoise626.wav,0
cutted_files/VehicleNoise627.wav,0
cutted_files/VehicleNoise628.wav,0
cutted_files/VehicleNoise629.wav,1
cutted_files/VehicleNoise630.wav,0
cutted_files/VehicleNoise631.wav,1
cutted_files/VehicleNoise632.wav,0
cutted_files/VehicleNoise633.wav,0
cutted_files/VehicleNoise634.wav,0
cutted_files/VehicleNoise635.wav,0
cutted_files/VehicleNoise636.wav,0
cutted_files/VehicleNoise637.wav,0
cutted_files/VehicleNoise638.wav,0
cutted_files/VehicleNoise639.wav,0
cutted_files/VehicleNoise640.wav,1
cutted_files/VehicleNoise641.wav,1
cutted_files/VehicleNoise642.wav,1
cutted_files/VehicleNoise643.wav,0
cutted_files/VehicleNoise644.wav,1
cutted_files/VehicleNoise645.wav,0
cutted_files/VehicleNoise646.wav,0
cutted_files/VehicleNoise647.wav,0
cutted_files/VehicleNoise648.wav,1
cutted_files/VehicleNoise649.wav,2
cutted_files/VehicleNoise650.wav,0
cutted_files/VehicleNoise651.wav,0
cutted_files/VehicleNoise652.wav,0
cutted_files/VehicleNoise653.wav,0
cutted_files/VehicleNoise654.wav,0
cutted_files/VehicleNoise655.wav,0
cutted_files/VehicleNoise656.wav,0
cutted_files/VehicleNoise657.wav,0
cutted_files/VehicleNoise658.wav,0
cutted_files/VehicleNoise659.wav,0
cutted_files/VehicleNoise660.wav,0
cutted_files/VehicleNoise661.wav,0
cutted_files/VehicleNoise662.wav,0
cutted_files/VehicleNoise663.wav,0
cutted_files/VehicleNoise664.wav,1
cutted_files/VehicleNoise665.wav,0
cutted_files/VehicleNoise666.wav,1
cutted_files/VehicleNoise667.wav,0
cutted_files/VehicleNoise668.wav,0
cutted_files/VehicleNoise669.wav,0
cutted_files/VehicleNoise670.wav,0
cutted_files/VehicleNoise671.wav,0
cutted_files/VehicleNoise672.wav,1
cutted_files/VehicleNoise673.wav,0
cutted_files/VehicleNoise674.wav,1
cutted_files/VehicleNoise675.wav,0
cutted_files/VehicleNoise676.wav,0
cutted_files/VehicleNoise677.wav,0
cutted_files/VehicleNoise678.wav,1
cutted_files/VehicleNoise679.wav,0
cutted_files/VehicleNoise680.wav,0
cutted_files/VehicleNoise681.wav,0
cutted_files/VehicleNoise682.wav,1
cutted_files/VehicleNoise683.wav,0
cutted_files/VehicleNoise684.wav,1
cutted_files/VehicleNoise685.wav,1
cutted_files/VehicleNoise686.wav,0
cutted_files/VehicleNoise687.wav,1
cutted_files/VehicleNoise688.wav,0
cutted_files/VehicleNoise689.wav,1
cutted_files/VehicleNoise690.wav,1
cutted_files/VehicleNoise691.wav,0
cutted_files/VehicleNoise692.wav,0
cutted_files/VehicleNoise693.wav,0
cutted_files/VehicleNoise694.wav,1
cutted_files/VehicleNoise695.wav,0
cutted_files/VehicleNoise696.wav,0
cutted_files/VehicleNoise697.wav,0
cutted_files/VehicleNoise698.wav,0
cutted_files/VehicleNoise699.wav,0
cutted_files/VehicleNoise700.wav,0
cutted_files/VehicleNoise701.wav,0
cutted_files/VehicleNoise702.wav,1
cutted_files/VehicleNoise703.wav,0
cutted_files/VehicleNoise704.wav,0
cutted_files/VehicleNoise705.wav,0
cutted_files/VehicleNoise706.wav,1
cutted_files/VehicleNoise707.wav,0
cutted_files/VehicleNoise708.wav,0
cutted_files/VehicleNoise709.wav,0
cutted_files/VehicleNoise710.wav,1
cutted_files/VehicleNoise711.wav,0
cutted_files/VehicleNoise712.wav,0
cutted_files/VehicleNoise713.wav,0
cutted_files/VehicleNoise714.wav,0
cutted_files/VehicleNoise715.wav,0
cutted_files/VehicleNoise716.wav,0
cutted_files/VehicleNoise717.wav,0
cutted_files/VehicleNoise718.wav,1
cutted_files/VehicleNoise719.wav,1
cutted_files/VehicleNoise720.wav,1
cutted_files/VehicleNoise721.wav,0
cutted_files/VehicleNoise722.wav,1
cutted_files/VehicleNoise723.wav,0
cutted_files/VehicleNoise724.wav,0
cutted_files/VehicleNoise725.wav,0
cutted_files/VehicleNoise726.wav,0
cutted_files/VehicleNoise727.wav,0
cutted_files/VehicleNoise728.wav,0
cutted_files/VehicleNoise729.wav,0
cutted_files/VehicleNoise730.wav,0
cutted_files/VehicleNoise731.wav,0
cutted_files/VehicleNoise732.wav,0
cutted_files/VehicleNoise733.wav,0
cutted_files/VehicleNoise734.wav,0
cutted_files/VehicleNoise735.wav,0
cutted_files/VehicleNoise736.wav,1
cutted_files/VehicleNoise737.wav,0
cutted_files/VehicleNoise738.wav,0
cutted_files/VehicleNoise739.wav,0
cutted_files/VehicleNoise740.wav,0
cutted_files/VehicleNoise741.wav,0
cutted_files/VehicleNoise742.wav,1
cutted_files/VehicleNoise743.wav,1
cutted_files/VehicleNoise744.wav,0
cutted_files/VehicleNoise745.wav,1
cutted_files/VehicleNoise746.wav,0
cutted_files/VehicleNoise747.wav,1
cutted_files/VehicleNoise748.wav,1
cutted_files/VehicleNoise749.wav,1
cutted_files/VehicleNoise750.wav,0
cutted_files/VehicleNoise751.wav,0
cutted_files/VehicleNoise752.wav,1
cutted_files/VehicleNoise753.wav,0
cutted_files/VehicleNoise754.wav,0
cutted_files/VehicleNoise755.wav,0
cutted_files/VehicleNoise756.wav,1
cutted_files/VehicleNoise757.wav,2
cutted_files/VehicleNoise758.wav,0
cutted_files/VehicleNoise759.wav,0
cutted_files/VehicleNoise760.wav,0
cutted_files/VehicleNoise761.wav,0
cutted_files/VehicleNoise762.wav,0
cutted_files/VehicleNoise763.wav,1
cutted_files/VehicleNoise764.wav,0
cutted_files/VehicleNoise765.wav,1
cutted_files/VehicleNoise766.wav,0
cutted_files/VehicleNoise767.wav,0
cutted_files/VehicleNoise768.wav,0
cutted_files/VehicleNoise769.wav,0
cutted_files/VehicleNoise770.wav,1
cutted_files/VehicleNoise771.wav,0
cutted_files/VehicleNoise772.wav,0
cutted_files/VehicleNoise773.wav,0
cutted_files/VehicleNoise774.wav,1
cutted_files/VehicleNoise775.wav,1
cutted_files/VehicleNoise776.wav,1
cutted_files/VehicleNoise777.wav,1
cutted_files/VehicleNoise778.wav,0
cutted_files/VehicleNoise779.wav,0
cutted_files/VehicleNoise780.wav,0
cutted_files/VehicleNoise781.wav,1
cutted_files/VehicleNoise782.wav,0
cutted_files/VehicleNoise783.wav,0
cutted_files/VehicleNoise784.wav,0
cutted_files/VehicleNoise785.wav,1
cutted_files/VehicleNoise786.wav,1
cutted_files/VehicleNoise787.wav,1
cutted_files/VehicleNoise788.wav,0
cutted_files/VehicleNoise789.wav,0
cutted_files/VehicleNoise790.wav,0
cutted_files/VehicleNoise791.wav,0
cutted_files/VehicleNoise792.wav,0
cutted_files/VehicleNoise793.wav,0
cutted_files/VehicleNoise794.wav,0
cutted_files/VehicleNoise795.wav,0
cutted_files/VehicleNoise796.wav,0
cutted_files/VehicleNoise797.wav,0
cutted_files/VehicleNoise798.wav,0
cutted_files/VehicleNoise799.wav,1
cutted_files/VehicleNoise800.wav,1
cutted_files/VehicleNoise801.wav,0
cutted_files/VehicleNoise802.wav,1
cutted_files/VehicleNoise803.wav,0
cutted_files/VehicleNoise804.wav,0
cutted_files/VehicleNoise805.wav,1
cutted_files/VehicleNoise806.wav,0
cutted_files/VehicleNoise807.wav,0
cutted_files/VehicleNoise808.wav,2
cutted_files/VehicleNoise809.wav,0
cutted_files/VehicleNoise810.wav,0
cutted_files/VehicleNoise811.wav,1
cutted_files/VehicleNoise812.wav,1
cutted_files/VehicleNoise813.wav,1
cutted_files/VehicleNoise814.wav,1
cutted_files/VehicleNoise815.wav,0
cutted_files/VehicleNoise816.wav,0
cutted_files/VehicleNoise817.wav,0
cutted_files/VehicleNoise818.wav,0
cutted_files/VehicleNoise819.wav,0
cutted_files/VehicleNoise820.wav,0
cutted_files/VehicleNoise821.wav,0
cutted_files/VehicleNoise822.wav,0
cutted_files/VehicleNoise823.wav,0
cutted_files/VehicleNoise824.wav,0
cutted_files/VehicleNoise825.wav,0
cutted_files/VehicleNoise826.wav,0
cutted_files/VehicleNoise827.wav,0
cutted_files/VehicleNoise828.wav,0
cutted_files/VehicleNoise829.wav,0
cutted_files/VehicleNoise830.wav,0
cutted_files/VehicleNoise831.wav,0
cutted_files/VehicleNoise832.wav,0
cutted_files/VehicleNoise833.wav,0
cutted_files/VehicleNoise834.wav,1
cutted_files/VehicleNoise835.wav,1
cutted_files/VehicleNoise836.wav,1
cutted_files/VehicleNoise837.wav,0
cutted_files/VehicleNoise838.wav,1
cutted_files/VehicleNoise839.wav,0
cutted_files/VehicleNoise840.wav,1
cutted_files/VehicleNoise841.wav,0
cutted_files/VehicleNoise842.wav,0
cutted_files/VehicleNoise843.wav,1
cutted_files/VehicleNoise844.wav,0
cutted_files/VehicleNoise845.wav,0
cutted_files/VehicleNoise846.wav,0
cutted_files/VehicleNoise847.wav,0
cutted_files/VehicleNoise848.wav,0
cutted_files/VehicleNoise849.wav,1
cutted_files/VehicleNoise850.wav,0
cutted_files/VehicleNoise851.wav,0
cutted_files/VehicleNoise852.wav,0
cutted_files/VehicleNoise853.wav,0
cutted_files/VehicleNoise854.wav,0
cutted_files/VehicleNoise855.wav,0
cutted_files/VehicleNoise856.wav,0
cutted_files/VehicleNoise857.wav,0
cutted_files/VehicleNoise858.wav,1
cutted_files/VehicleNoise859.wav,0
cutted_files/VehicleNoise860.wav,0
cutted_files/VehicleNoise861.wav,1
cutted_files/VehicleNoise862.wav,0
cutted_files/VehicleNoise863.wav,0
cutted_files/VehicleNoise864.wav,0
cutted_files/VehicleNoise865.wav,0
cutted_files/VehicleNoise866.wav,1
cutted_files/VehicleNoise867.wav,0
cutted_files/VehicleNoise868.wav,0
cutted_files/VehicleNoise869.wav,0
cutted_files/VehicleNoise870.wav,0
cutted_files/VehicleNoise871.wav,0
cutted_files/VehicleNoise872.wav,0
cutted_files/VehicleNoise873.wav,0
cutted_files/VehicleNoise874.wav,0
cutted_files/VehicleNoise875.wav,0
cutted_files/VehicleNoise876.wav,1
cutted_files/VehicleNoise877.wav,0
cutted_files/VehicleNoise878.wav,0
cutted_files/VehicleNoise879.wav,1
cutted_files/VehicleNoise880.wav,0
cutted_files/VehicleNoise881.wav,1
cutted_files/VehicleNoise882.wav,0
cutted_files/VehicleNoise883.wav,0
cutted_files/VehicleNoise884.wav,0
cutted_files/VehicleNoise885.wav,1
cutted_files/VehicleNoise886.wav,1
cutted_files/VehicleNoise887.wav,0
cutted_files/VehicleNoise888.wav,1
cutted_files/VehicleNoise889.wav,1
cutted_files/VehicleNoise890.wav,0
cutted_files/VehicleNoise891.wav,1
cutted_files/VehicleNoise892.wav,0
cutted_files/VehicleNoise893.wav,1
cutted_files/VehicleNoise894.wav,0
cutted_files/VehicleNoise895.wav,0
cutted_files/VehicleNoise896.wav,0
cutted_files/VehicleNoise897.wav,0
cutted_files/VehicleNoise898.wav,1
cutted_files/VehicleNoise899.wav,0
cutted_files/VehicleNoise900.wav,0
cutted_files/VehicleNoise901.wav,0
cutted_files/VehicleNoise902.wav,0
cutted_files/VehicleNoise903.wav,2
cutted_files/VehicleNoise904.wav,0
cutted_files/VehicleNoise905.wav,1
cutted_files/VehicleNoise906.wav,0
cutted_files/VehicleNoise907.wav,0
cutted_files/VehicleNoise908.wav,0
cutted_files/VehicleNoise909.wav,1
cutted_files/VehicleNoise910.wav,1
cutted_files/VehicleNoise911.wav,0
cutted_files/VehicleNoise912.wav,0
cutted_files/VehicleNoise913.wav,0
cutted_files/VehicleNoise914.wav,0
cutted_files/VehicleNoise915.wav,0
cutted_files/VehicleNoise916.wav,0
cutted_files/VehicleNoise917.wav,1
cutted_files/VehicleNoise918.wav,1
cutted_files/VehicleNoise919.wav,1
cutted_files/VehicleNoise920.wav,0
cutted_files/VehicleNoise921.wav,0
cutted_files/VehicleNoise922.wav,0
cutted_files/VehicleNoise923.wav,0
cutted_files/VehicleNoise924.wav,0
cutted_files/VehicleNoise925.wav,0
cutted_files/VehicleNoise926.wav,1
cutted_files/VehicleNoise927.wav,0
cutted_files/VehicleNoise928.wav,1
cutted_files/VehicleNoise929.wav,0
cutted_files/VehicleNoise930.wav,0
cutted_files/VehicleNoise931.wav,1
cutted_files/VehicleNoise932.wav,0
cutted_files/VehicleNoise933.wav,0
cutted_files/VehicleNoise934.wav,1
cutted_files/VehicleNoise935.wav,0
cutted_files/VehicleNoise936.wav,0
cutted_files/VehicleNoise937.wav,0
cutted_files/VehicleNoise938.wav,0
cutted_files/VehicleNoise939.wav,0
cutted_files/VehicleNoise940.wav,0
cutted_files/VehicleNoise941.wav,0
cutted_files/VehicleNoise942.wav,0
cutted_files/VehicleNoise943.wav,0
cutted_files/VehicleNoise944.wav,0
cutted_files/VehicleNoise945.wav,1
cutted_files/VehicleNoise946.wav,0
cutted_files/VehicleNoise947.wav,0
cutted_files/VehicleNoise948.wav,1
cutted_files/VehicleNoise949.wav,0
cutted_files/VehicleNoise950.wav,0
cutted_files/VehicleNoise951.wav,1
cutted_files/VehicleNoise952.wav,1
cutted_files/VehicleNoise953.wav,0
cutted_files/VehicleNoise954.wav,0
cutted_files/VehicleNoise955.wav,1
cutted_files/VehicleNoise956.wav,1
cutted_files/VehicleNoise957.wav,0
cutted_files/VehicleNoise958.wav,0
cutted_files/VehicleNoise959.wav,0
cutted_files/VehicleNoise960.wav,1
cutted_files/VehicleNoise961.wav,0
cutted_files/VehicleNoise962.wav,1
cutted_files/VehicleNoise963.wav,0
cutted_files/VehicleNoise964.wav,0
cutted_files/VehicleNoise965.wav,0
cutted_files/VehicleNoise966.wav,1
cutted_files/VehicleNoise967.wav,0
cutted_files/VehicleNoise968.wav,0
cutted_files/VehicleNoise969.wav,0
cutted_files/VehicleNoise970.wav,0
cutted_files/VehicleNoise971.wav,0
cutted_files/VehicleNoise972.wav,0
cutted_files/VehicleNoise973.wav,0
cutted_files/VehicleNoise974.wav,0
cutted_files/VehicleNoise975.wav,1
cutted_files/VehicleNoise976.wav,0
cutted_files/VehicleNoise977.wav,0
cutted_files/VehicleNoise978.wav,0
cutted_files/VehicleNoise979.wav,0
cutted_files/VehicleNoise980.wav,0
cutted_files/VehicleNoise981.wav,0
cutted_files/VehicleNoise982.wav,1
cutted_files/VehicleNoise983.wav,1
cutted_files/VehicleNoise984.wav,0
cutted_files/VehicleNoise985.wav,0
cutted_files/VehicleNoise986.wav,0
cutted_files/VehicleNoise987.wav,0
cutted_files/VehicleNoise988.wav,0
cutted_files/VehicleNoise989.wav,0
cutted_files/VehicleNoise990.wav,0
cutted_files/VehicleNoise991.wav,1
cutted_files/VehicleNoise992.wav,0
cutted_files/VehicleNoise993.wav,0
cutted_files/VehicleNoise994.wav,0
cutted_files/VehicleNoise995.wav,0
cutted_files/VehicleNoise996.wav,0
cutted_files/VehicleNoise997.wav,0
cutted_files/VehicleNoise998.wav,1
cutted_files/VehicleNoise999.wav,0
cutted_files/VehicleNoise1000.wav,1
cutted_files/VehicleNoise1001.wav,0
cutted_files/VehicleNoise1002.wav,0
cutted_files/VehicleNoise1003.wav,0
cutted_files/VehicleNoise1004.wav,1
cutted_files/VehicleNoise1005.wav,1
cutted_files/VehicleNoise1006.wav,0
cutted_files/VehicleNoise1007.wav,0
cutted_files/VehicleNoise1008.wav,1
cutted_files/VehicleNoise1009.wav,0
cutted_files/VehicleNoise1010.wav,1
cutted_files/VehicleNoise1011.wav,0
cutted_files/VehicleNoise1012.wav,0
cutted_files/VehicleNoise1013.wav,0
cutted_files/VehicleNoise1014.wav,0
cutted_files/VehicleNoise1015.wav,0
cutted_files/VehicleNoise1016.wav,1
cutted_files/VehicleNoise1017.wav,1
cutted_files/VehicleNoise1018.wav,0
cutted_files/VehicleNoise1019.wav,1
cutted_files/VehicleNoise1020.wav,0
cutted_files/VehicleNoise1021.wav,0
cutted_files/VehicleNoise1022.wav,0
cutted_files/VehicleNoise1023.wav,1
cutted_files/VehicleNoise1024.wav,1
cutted_files/VehicleNoise1025.wav,1
cutted_files/VehicleNoise1026.wav,0
cutted_files/VehicleNoise1027.wav,0
cutted_files/VehicleNoise1028.wav,0
cutted_files/VehicleNoise1029.wav,0
cutted_files/VehicleNoise1030.wav,0
cutted_files/VehicleNoise1031.wav,0
cutted_files/VehicleNoise1032.wav,0
cutted_files/VehicleNoise1033.wav,1
cutted_files/VehicleNoise1034.wav,0
cutted_files/VehicleNoise1035.wav,0
cutted_files/VehicleNoise1036.wav,2
cutted_files/VehicleNoise1037.wav,1
cutted_files/VehicleNoise1038.wav,0
cutted_files/VehicleNoise1039.wav,0
cutted_files/VehicleNoise1040.wav,0
cutted_files/VehicleNoise1041.wav,0
cutted_files/VehicleNoise1042.wav,0
cutted_files/VehicleNoise1043.wav,1
cutted_files/VehicleNoise1044.wav,2
cutted_files/VehicleNoise1045.wav,0
cutted_files/VehicleNoise1046.wav,1
cutted_files/VehicleNoise1047.wav,0
cutted_files/VehicleNoise1048.wav,0
cutted_files/VehicleNoise1049.wav,0
cutted_files/VehicleNoise1050.wav,1
cutted_files/VehicleNoise1051.wav,1
cutted_files/VehicleNoise1052.wav,1
cutted_files/VehicleNoise1053.wav,0
cutted_files/VehicleNoise1054.wav,0
cutted_files/VehicleNoise1055.wav,1
cutted_files/VehicleNoise1056.wav,0
cutted_files/VehicleNoise1057.wav,0
cutted_files/VehicleNoise1058.wav,0
cutted_files/VehicleNoise1059.wav,0
cutted_files/VehicleNoise1060.wav,0
cutted_files/VehicleNoise1061.wav,0
cutted_files/VehicleNoise1062.wav,1
cutted_files/VehicleNoise1063.wav,1
cutted_files/VehicleNoise1064.wav,0
cutted_files/VehicleNoise1065.wav,1
cutted_files/VehicleNoise1066.wav,0
cutted_files/VehicleNoise1067.wav,1
cutted_files/VehicleNoise1068.wav,1
cutted_files/VehicleNoise1069.wav,0
cutted_files/VehicleNoise1070.wav,0
cutted_files/VehicleNoise1071.wav,0
cutted_files/VehicleNoise1072.wav,0
cutted_files/VehicleNoise1073.wav,0
cutted_files/VehicleNoise1074.wav,0
cutted_files/VehicleNoise1075.wav,0
cutted_files/VehicleNoise1076.wav,0
cutted_files/VehicleNoise1077.wav,1
cutted_files/VehicleNoise1078.wav,0
cutted_files/VehicleNoise1079.wav,0
cutted_files/VehicleNoise1080.wav,0
cutted_files/VehicleNoise1081.wav,1
cutted_files/VehicleNoise1082.wav,0
cutted_files/VehicleNoise1083.wav,1
cutted_files/VehicleNoise1084.wav,0
cutted_files/VehicleNoise1085.wav,0
cutted_files/VehicleNoise1086.wav,0
cutted_files/VehicleNoise1087.wav,0
cutted_files/VehicleNoise1088.wav,0
cutted_files/VehicleNoise1089.wav,0
cutted_files/VehicleNoise1090.wav,0
cutted_files/VehicleNoise1091.wav,0
cutted_files/VehicleNoise1092.wav,0
cutted_files/VehicleNoise1093.wav,0
cutted_files/VehicleNoise1094.wav,0
cutted_files/VehicleNoise1095.wav,0
cutted_files/VehicleNoise1096.wav,0
cutted_files/VehicleNoise1097.wav,0
cutted_files/VehicleNoise1098.wav,0
cutted_files/VehicleNoise1099.wav,0
cutted_files/VehicleNoise1100.wav,0
cutted_files/VehicleNoise1101.wav,1
cutted_files/VehicleNoise1102.wav,2
cutted_files/VehicleNoise1103.wav,0
cutted_files/VehicleNoise1104.wav,0
cutted_files/VehicleNoise1105.wav,0
cutted_files/VehicleNoise1106.wav,0
cutted_files/VehicleNoise1107.wav,0
cutted_files/VehicleNoise1108.wav,0
cutted_files/VehicleNoise1109.wav,0
cutted_files/VehicleNoise1110.wav,2
cutted_files/VehicleNoise1111.wav,0
cutted_files/VehicleNoise1112.wav,0
cutted_files/VehicleNoise1113.wav,0
cutted_files/VehicleNoise1114.wav,0
cutted_files/VehicleNoise1115.wav,1
cutted_files/VehicleNoise1116.wav,0
cutted_files/VehicleNoise1117.wav,0
cutted_files/VehicleNoise1118.wav,0
cutted_files/VehicleNoise1119.wav,1
cutted_files/VehicleNoise1120.wav,0
cutted_files/VehicleNoise1121.wav,0
cutted_files/VehicleNoise1122.wav,0
cutted_files/VehicleNoise1123.wav,1
cutted_files/VehicleNoise1124.wav,1
cutted_files/VehicleNoise1125.wav,0
cutted_files/VehicleNoise1126.wav,1
cutted_files/VehicleNoise1127.wav,0
cutted_files/VehicleNoise1128.wav,1
cutted_files/VehicleNoise1129.wav,0
cutted_files/VehicleNoise1130.wav,0
cutted_files/VehicleNoise1131.wav,0
cutted_files/VehicleNoise1132.wav,0
cutted_files/VehicleNoise1133.wav,0
cutted_files/VehicleNoise1134.wav,0
cutted_files/VehicleNoise1135.wav,0
cutted_files/VehicleNoise1136.wav,0
cutted_files/VehicleNoise1137.wav,0
cutted_files/VehicleNoise1138.wav,0
cutted_files/VehicleNoise1139.wav,0
cutted_files/VehicleNoise1140.wav,0
cutted_files/VehicleNoise1141.wav,1
cutted_files/VehicleNoise1142.wav,0
cutted_files/VehicleNoise1143.wav,0
cutted_files/VehicleNoise1144.wav,0
cutted_files/VehicleNoise1145.wav,1
cutted_files/VehicleNoise1146.wav,0
cutted_files/VehicleNoise1147.wav,0
cutted_files/VehicleNoise1148.wav,0
cutted_files/VehicleNoise1149.wav,1
cutted_files/VehicleNoise1150.wav,0
cutted_files/VehicleNoise1151.wav,1
cutted_files/VehicleNoise1152.wav,0
cutted_files/VehicleNoise1153.wav,0
cutted_files/VehicleNoise1154.wav,0
cutted_files/VehicleNoise1155.wav,0
cutted_files/VehicleNoise1156.wav,0
cutted_files/VehicleNoise1157.wav,0
cutted_files/VehicleNoise1158.wav,1
cutted_files/VehicleNoise1159.wav,1
cutted_files/VehicleNoise1160.wav,1
cutted_files/VehicleNoise1161.wav,0
cutted_files/VehicleNoise1162.wav,0
cutted_files/VehicleNoise1163.wav,0
cutted_files/VehicleNoise1164.wav,0
cutted_files/VehicleNoise1165.wav,1
cutted_files/VehicleNoise1166.wav,0
cutted_files/VehicleNoise1167.wav,0
cutted_files/VehicleNoise1168.wav,0
cutted_files/VehicleNoise1169.wav,0
cutted_files/VehicleNoise1170.wav,1
cutted_files/VehicleNoise1171.wav,0
cutted_files/VehicleNoise1172.wav,0
cutted_files/VehicleNoise1173.wav,0
cutted_files/VehicleNoise1174.wav,0
cutted_files/VehicleNoise1175.wav,0
cutted_files/VehicleNoise1176.wav,0
cutted_files/VehicleNoise1177.wav,1
cutted_files/VehicleNoise1178.wav,0
cutted_files/VehicleNoise1179.wav,0
cutted_files/VehicleNoise1180.wav,0
cutted_files/VehicleNoise1181.wav,1
cutted_files/VehicleNoise1182.wav,0
cutted_files/VehicleNoise1183.wav,1
cutted_files/VehicleNoise1184.wav,0
cutted_files/VehicleNoise1185.wav,0
cutted_files/VehicleNoise1186.wav,1
cutted_files/VehicleNoise1187.wav,0
cutted_files/VehicleNoise1188.wav,0
cutted_files/VehicleNoise1189.wav,0
cutted_files/VehicleNoise1190.wav,0
cutted_files/VehicleNoise1191.wav,0
cutted_files/VehicleNoise1192.wav,0
cutted_files/VehicleNoise1193.wav,0
cutted_files/VehicleNoise1194.wav,0
cutted_files/VehicleNoise1195.wav,0
cutted_files/VehicleNoise1196.wav,0
cutted_files/VehicleNoise1197.wav,0
cutted_files/VehicleNoise1198.wav,0
cutted_files/VehicleNoise1199.wav,1
cutted_files/VehicleNoise1200.wav,0
cutted_files/VehicleNoise1201.wav,0
cutted_files/VehicleNoise1202.wav,1
cutted_files/VehicleNoise1203.wav,0
cutted_files/VehicleNoise1204.wav,0
cutted_files/VehicleNoise1205.wav,1
cutted_files/VehicleNoise1206.wav,0
cutted_files/VehicleNoise1207.wav,0
cutted_files/VehicleNoise1208.wav,1
cutted_files/VehicleNoise1209.wav,0
cutted_files/VehicleNoise1210.wav,0
cutted_files/VehicleNoise1211.wav,0
cutted_files/VehicleNoise1212.wav,0
cutted_files/VehicleNoise1213.wav,0
cutted_files/VehicleNoise1214.wav,1
cutted_files/VehicleNoise1215.wav,1
cutted_files/VehicleNoise1216.wav,0
cutted_files/VehicleNoise1217.wav,1
cutted_files/VehicleNoise1218.wav,1
cutted_files/VehicleNoise1219.wav,2
cutted_files/VehicleNoise1220.wav,1
cutted_files/VehicleNoise1221.wav,1
cutted_files/VehicleNoise1222.wav,0
cutted_files/VehicleNoise1223.wav,0
cutted_files/VehicleNoise1224.wav,0
cutted_files/VehicleNoise1225.wav,0
cutted_files/VehicleNoise1226.wav,0
cutted_files/VehicleNoise1227.wav,0
cutted_files/VehicleNoise1228.wav,0
cutted_files/VehicleNoise1229.wav,1
cutted_files/VehicleNoise1230.wav,0
cutted_files/VehicleNoise1231.wav,1
cutted_files/VehicleNoise1232.wav,0
cutted_files/VehicleNoise1233.wav,0
cutted_files/VehicleNoise1234.wav,0
cutted_files/VehicleNoise1235.wav,1
cutted_files/VehicleNoise1236.wav,1
cutted_files/VehicleNoise1237.wav,0
cutted_files/VehicleNoise1238.wav,0
cutted_files/VehicleNoise1239.wav,0
cutted_files/VehicleNoise1240.wav,0
cutted_files/VehicleNoise1241.wav,0
cutted_files/VehicleNoise1242.wav,0
cutted_files/VehicleNoise1243.wav,0
cutted_files/VehicleNoise1244.wav,0
cutted_files/VehicleNoise1245.wav,0
cutted_files/VehicleNoise1246.wav,0
cutted_files/VehicleNoise1247.wav,0
cutted_files/VehicleNoise1248.wav,1
cutted_files/VehicleNoise1249.wav,1
cutted_files/VehicleNoise1250.wav,0
cutted_files/VehicleNoise1251.wav,0
cutted_files/VehicleNoise1252.wav,0
cutted_files/VehicleNoise1253.wav,0
cutted_files/VehicleNoise1254.wav,1
cutted_files/VehicleNoise1255.wav,1
cutted_files/VehicleNoise1256.wav,0
cutted_files/VehicleNoise1257.wav,0
cutted_files/VehicleNoise1258.wav,0
cutted_files/VehicleNoise1259.wav,0
cutted_files/VehicleNoise1260.wav,0
cutted_files/VehicleNoise1261.wav,0
cutted_files/VehicleNoise1262.wav,0
cutted_files/VehicleNoise1263.wav,1
cutted_files/VehicleNoise1264.wav,0
cutted_files/VehicleNoise1265.wav,0
cutted_files/VehicleNoise1266.wav,0
cutted_files/VehicleNoise1267.wav,1
cutted_files/VehicleNoise1268.wav,0
cutted_files/VehicleNoise1269.wav,0
cutted_files/VehicleNoise1270.wav,0
cutted_files/VehicleNoise1271.wav,1
cutted_files/VehicleNoise1272.wav,1
cutted_files/VehicleNoise1273.wav,0
cutted_files/VehicleNoise1274.wav,0
cutted_files/VehicleNoise1275.wav,0
cutted_files/VehicleNoise1276.wav,0
cutted_files/VehicleNoise1277.wav,0
cutted_files/VehicleNoise1278.wav,0
cutted_files/VehicleNoise1279.wav,0
cutted_files/VehicleNoise1280.wav,0
cutted_files/VehicleNoise1281.wav,0
cutted_files/VehicleNoise1282.wav,0
cutted_files/VehicleNoise1283.wav,1
cutted_files/VehicleNoise1284.wav,0
cutted_files/VehicleNoise1285.wav,0
cutted_files/VehicleNoise1286.wav,1
cutted_files/VehicleNoise1287.wav,0
cutted_files/VehicleNoise1288.wav,1
cutted_files/VehicleNoise1289.wav,0
cutted_files/VehicleNoise1290.wav,0
cutted_files/VehicleNoise1291.wav,0
cutted_files/VehicleNoise1292.wav,0
cutted_files/VehicleNoise1293.wav,1
cutted_files/VehicleNoise1294.wav,0
cutted_files/VehicleNoise1295.wav,0
cutted_files/VehicleNoise1296.wav,0
cutted_files/VehicleNoise1297.wav,0
cutted_files/VehicleNoise1298.wav,0
cutted_files/VehicleNoise1299.wav,0
cutted_files/VehicleNoise1300.wav,1
cutted_files/VehicleNoise1301.wav,0
cutted_files/VehicleNoise1302.wav,0
cutted_files/VehicleNoise1303.wav,0
cutted_files/VehicleNoise1304.wav,0
cutted_files/VehicleNoise1305.wav,0
cutted_files/VehicleNoise1306.wav,0
cutted_files/VehicleNoise1307.wav,0
cutted_files/VehicleNoise1308.wav,0
cutted_files/VehicleNoise1309.wav,0
cutted_files/VehicleNoise1310.wav,1
cutted_files/VehicleNoise1311.wav,0
cutted_files/VehicleNoise1312.wav,1
cutted_files/VehicleNoise1313.wav,2
cutted_files/VehicleNoise1314.wav,2
cutted_files/VehicleNoise1315.wav,2
cutted_files/VehicleNoise1316.wav,1
cutted_files/VehicleNoise1317.wav,0
cutted_files/VehicleNoise1318.wav,0
cutted_files/VehicleNoise1319.wav,0
cutted_files/VehicleNoise1320.wav,0
cutted_files/VehicleNoise1321.wav,1
cutted_files/VehicleNoise1322.wav,0
cutted_files/VehicleNoise1323.wav,0
cutted_files/VehicleNoise1324.wav,0
cutted_files/VehicleNoise1325.wav,0
cutted_files/VehicleNoise1326.wav,0
cutted_files/VehicleNoise1327.wav,0
cutted_files/VehicleNoise1328.wav,0
cutted_files/VehicleNoise1329.wav,0
cutted_files/VehicleNoise1330.wav,0
cutted_files/VehicleNoise1331.wav,0
cutted_files/VehicleNoise1332.wav,0
cutted_files/VehicleNoise1333.wav,0
cutted_files/VehicleNoise1334.wav,0
cutted_files/VehicleNoise1335.wav,0
cutted_files/VehicleNoise1336.wav,0
cutted_files/VehicleNoise1337.wav,0
cutted_files/VehicleNoise1338.wav,0
cutted_files/VehicleNoise1339.wav,0
cutted_files/VehicleNoise1340.wav,0
cutted_files/VehicleNoise1341.wav,0
cutted_files/VehicleNoise1342.wav,2
cutted_files/VehicleNoise1343.wav,0
cutted_files/VehicleNoise1344.wav,0
cutted_files/VehicleNoise1345.wav,0
cutted_files/VehicleNoise1346.wav,0
cutted_files/VehicleNoise1347.wav,1
cutted_files/VehicleNoise1348.wav,0
cutted_files/VehicleNoise1349.wav,0
cutted_files/VehicleNoise1350.wav,0
cutted_files/VehicleNoise1351.wav,0
cutted_files/VehicleNoise1352.wav,0
cutted_files/VehicleNoise1353.wav,1
cutted_files/VehicleNoise1354.wav,0
cutted_files/VehicleNoise1355.wav,0
cutted_files/VehicleNoise1356.wav,0
cutted_files/VehicleNoise1357.wav,0
cutted_files/VehicleNoise1358.wav,0
cutted_files/VehicleNoise1359.wav,1
cutted_files/VehicleNoise1360.wav,0
cutted_files/VehicleNoise1361.wav,1
cutted_files/VehicleNoise1362.wav,0
cutted_files/VehicleNoise1363.wav,0
cutted_files/VehicleNoise1364.wav,0
cutted_files/VehicleNoise1365.wav,0
cutted_files/VehicleNoise1366.wav,0
cutted_files/VehicleNoise1367.wav,0
cutted_files/VehicleNoise1368.wav,1
cutted_files/VehicleNoise1369.wav,0
cutted_files/VehicleNoise1370.wav,0
cutted_files/VehicleNoise1371.wav,1
cutted_files/VehicleNoise1372.wav,1
cutted_files/VehicleNoise1373.wav,0
cutted_files/VehicleNoise1374.wav,0
cutted_files/VehicleNoise1375.wav,1
cutted_files/VehicleNoise1376.wav,0
cutted_files/VehicleNoise1377.wav,0
cutted_files/VehicleNoise1378.wav,0
cutted_files/VehicleNoise1379.wav,0
cutted_files/VehicleNoise1380.wav,0
cutted_files/VehicleNoise1381.wav,1
cutted_files/VehicleNoise1382.wav,0
cutted_files/VehicleNoise1383.wav,0
cutted_files/VehicleNoise1384.wav,0
cutted_files/VehicleNoise1385.wav,0
cutted_files/VehicleNoise1386.wav,0
cutted_files/VehicleNoise1387.wav,1
cutted_files/VehicleNoise1388.wav,0
cutted_files/VehicleNoise1389.wav,0
cutted_files/VehicleNoise1390.wav,1
cutted_files/VehicleNoise1391.wav,0
cutted_files/VehicleNoise1392.wav,0
cutted_files/VehicleNoise1393.wav,1
cutted_files/VehicleNoise1394.wav,0
cutted_files/VehicleNoise1395.wav,0
cutted_files/VehicleNoise1396.wav,0
cutted_files/VehicleNoise1397.wav,1
cutted_files/VehicleNoise1398.wav,0
cutted_files/VehicleNoise1399.wav,0
cutted_files/VehicleNoise1400.wav,0
cutted_files/VehicleNoise1401.wav,0
cutted_files/VehicleNoise1402.wav,0
cutted_files/VehicleNoise1403.wav,1
cutted_files/VehicleNoise1404.wav,0
cutted_files/VehicleNoise1405.wav,0
cutted_files/VehicleNoise1406.wav,1
cutted_files/VehicleNoise1407.wav,0
cutted_files/VehicleNoise1408.wav,0
cutted_files/VehicleNoise1409.wav,0
cutted_files/VehicleNoise1410.wav,0
cutted_files/VehicleNoise1411.wav,0
cutted_files/VehicleNoise1412.wav,0
cutted_files/VehicleNoise1413.wav,0
cutted_files/VehicleNoise1414.wav,0
cutted_files/VehicleNoise1415.wav,1
cutted_files/VehicleNoise1416.wav,0
cutted_files/VehicleNoise1417.wav,1
cutted_files/VehicleNoise1418.wav,0
cutted_files/VehicleNoise1419.wav,0
cutted_files/VehicleNoise1420.wav,0
cutted_files/VehicleNoise1421.wav,0
cutted_files/VehicleNoise1422.wav,0
cutted_files/VehicleNoise1423.wav,0
cutted_files/VehicleNoise1424.wav,0
cutted_files/VehicleNoise1425.wav,0
cutted_files/VehicleNoise1426.wav,0
cutted_files/VehicleNoise1427.wav,0
cutted_files/VehicleNoise1428.wav,0
cutted_files/VehicleNoise1429.wav,0
cutted_files/VehicleNoise1430.wav,0
cutted_files/VehicleNoise1431.wav,0
cutted_files/VehicleNoise1432.wav,0
cutted_files/VehicleNoise1433.wav,0
cutted_files/VehicleNoise1434.wav,0
cutted_files/VehicleNoise1435.wav,0
cutted_files/VehicleNoise1436.wav,0
cutted_files/VehicleNoise1437.wav,0
cutted_files/VehicleNoise1438.wav,0
cutted_files/VehicleNoise1439.wav,0
cutted_files/VehicleNoise1440.wav,0
cutted_files/VehicleNoise1441.wav,0
cutted_files/VehicleNoise1442.wav,0
cutted_files/VehicleNoise1443.wav,0
cutted_files/VehicleNoise1444.wav,1
cutted_files/VehicleNoise1445.wav,0
cutted_files/VehicleNoise1446.wav,0
cutted_files/VehicleNoise1447.wav,0
cutted_files/VehicleNoise1448.wav,1
cutted_files/VehicleNoise1449.wav,0
cutted_files/VehicleNoise1450.wav,0
cutted_files/VehicleNoise1451.wav,0
cutted_files/VehicleNoise1452.wav,2
cutted_files/VehicleNoise1453.wav,1
cutted_files/VehicleNoise1454.wav,0
cutted_files/VehicleNoise1455.wav,0
cutted_files/VehicleNoise1456.wav,1
cutted_files/VehicleNoise1457.wav,0
cutted_files/VehicleNoise1458.wav,0
cutted_files/VehicleNoise1459.wav,0
cutted_files/VehicleNoise1460.wav,0
cutted_files/VehicleNoise1461.wav,0
cutted_files/VehicleNoise1462.wav,0
cutted_files/VehicleNoise1463.wav,0
cutted_files/VehicleNoise1464.wav,0
cutted_files/VehicleNoise1465.wav,0
cutted_files/VehicleNoise1466.wav,0
cutted_files/VehicleNoise1467.wav,0
cutted_files/VehicleNoise1468.wav,0
cutted_files/VehicleNoise1469.wav,0
cutted_files/VehicleNoise1470.wav,1
cutted_files/VehicleNoise1471.wav,0
cutted_files/VehicleNoise1472.wav,1
cutted_files/VehicleNoise1473.wav,0
cutted_files/VehicleNoise1474.wav,0
cutted_files/VehicleNoise1475.wav,0
cutted_files/VehicleNoise1476.wav,0
cutted_files/VehicleNoise1477.wav,0
cutted_files/VehicleNoise1478.wav,0
cutted_files/VehicleNoise1479.wav,0
cutted_files/VehicleNoise1480.wav,1
cutted_files/VehicleNoise1481.wav,0
cutted_files/VehicleNoise1482.wav,1
cutted_files/VehicleNoise1483.wav,0
cutted_files/VehicleNoise1484.wav,0
cutted_files/VehicleNoise1485.wav,0
cutted_files/VehicleNoise1486.wav,0
cutted_files/VehicleNoise1487.wav,0
cutted_files/VehicleNoise1488.wav,1
cutted_files/VehicleNoise1489.wav,0
cutted_files/VehicleNoise1490.wav,0
cutted_files/VehicleNoise1491.wav,0
cutted_files/VehicleNoise1492.wav,0
cutted_files/VehicleNoise1493.wav,1
cutted_files/VehicleNoise1494.wav,0
cutted_files/VehicleNoise1495.wav,1
cutted_files/VehicleNoise1496.wav,1
cutted_files/VehicleNoise1497.wav,1
cutted_files/VehicleNoise1498.wav,1
cutted_files/VehicleNoise1499.wav,0
cutted_files/VehicleNoise1500.wav,0
cutted_files/VehicleNoise1501.wav,0
cutted_files/VehicleNoise1502.wav,0
cutted_files/VehicleNoise1503.wav,0
cutted_files/VehicleNoise1504.wav,0
cutted_files/VehicleNoise1505.wav,0
cutted_files/VehicleNoise1506.wav,0
cutted_files/VehicleNoise1507.wav,0
cutted_files/VehicleNoise1508.wav,0
cutted_files/VehicleNoise1509.wav,0
cutted_files/VehicleNoise1510.wav,0
cutted_files/VehicleNoise1511.wav,1
cutted_files/VehicleNoise1512.wav,0
cutted_files/VehicleNoise1513.wav,0
cutted_files/VehicleNoise1514.wav,1
cutted_files/VehicleNoise1515.wav,0
cutted_files/VehicleNoise1516.wav,0
cutted_files/VehicleNoise1517.wav,0
cutted_files/VehicleNoise1518.wav,0
cutted_files/VehicleNoise1519.wav,0
cutted_files/VehicleNoise1520.wav,0
cutted_files/VehicleNoise1521.wav,1
cutted_files/VehicleNoise1522.wav,0
cutted_files/VehicleNoise1523.wav,0
cutted_files/VehicleNoise1524.wav,1
cutted_files/VehicleNoise1525.wav,0
cutted_files/VehicleNoise1526.wav,0
cutted_files/VehicleNoise1527.wav,0
cutted_files/VehicleNoise1528.wav,0
cutted_files/VehicleNoise1529.wav,0
cutted_files/VehicleNoise1530.wav,0
cutted_files/VehicleNoise1531.wav,0
cutted_files/VehicleNoise1532.wav,0
cutted_files/VehicleNoise1533.wav,0
cutted_files/VehicleNoise1534.wav,0
cutted_files/VehicleNoise1535.wav,0
cutted_files/VehicleNoise1536.wav,0
cutted_files/VehicleNoise1537.wav,0
cutted_files/VehicleNoise1538.wav,0
cutted_files/VehicleNoise1539.wav,0
cutted_files/VehicleNoise1540.wav,0
cutted_files/VehicleNoise1541.wav,0
cutted_files/VehicleNoise1542.wav,0
cutted_files/VehicleNoise1543.wav,0
cutted_files/VehicleNoise1544.wav,1
cutted_files/VehicleNoise1545.wav,0
cutted_files/VehicleNoise1546.wav,1
cutted_files/VehicleNoise1547.wav,0
cutted_files/VehicleNoise1548.wav,0
cutted_files/VehicleNoise1549.wav,0
cutted_files/VehicleNoise1550.wav,0
cutted_files/VehicleNoise1551.wav,0
cutted_files/VehicleNoise1552.wav,1
cutted_files/VehicleNoise1553.wav,1
cutted_files/VehicleNoise1554.wav,0
cutted_files/VehicleNoise1555.wav,0
cutted_files/VehicleNoise1556.wav,0
cutted_files/VehicleNoise1557.wav,0
cutted_files/VehicleNoise1558.wav,0
cutted_files/VehicleNoise1559.wav,0
cutted_files/VehicleNoise1560.wav,0
cutted_files/VehicleNoise1561.wav,0
cutted_files/VehicleNoise1562.wav,0
cutted_files/VehicleNoise1563.wav,0
cutted_files/VehicleNoise1564.wav,0
cutted_files/VehicleNoise1565.wav,1
cutted_files/VehicleNoise1566.wav,0
cutted_files/VehicleNoise1567.wav,0
cutted_files/VehicleNoise1568.wav,0
cutted_files/VehicleNoise1569.wav,1
cutted_files/VehicleNoise1570.wav,0
cutted_files/VehicleNoise1571.wav,1
cutted_files/VehicleNoise1572.wav,0
cutted_files/VehicleNoise1573.wav,0
cutted_files/VehicleNoise1574.wav,0
cutted_files/VehicleNoise1575.wav,1
cutted_files/VehicleNoise1576.wav,0
cutted_files/VehicleNoise1577.wav,0
cutted_files/VehicleNoise1578.wav,0
cutted_files/VehicleNoise1579.wav,0
cutted_files/VehicleNoise1580.wav,0
cutted_files/VehicleNoise1581.wav,0
cutted_files/VehicleNoise1582.wav,1
cutted_files/VehicleNoise1583.wav,0
cutted_files/VehicleNoise1584.wav,0
cutted_files/VehicleNoise1585.wav,0
cutted_files/VehicleNoise1586.wav,0
cutted_files/VehicleNoise1587.wav,0
cutted_files/VehicleNoise1588.wav,0
cutted_files/VehicleNoise1589.wav,0
cutted_files/VehicleNoise1590.wav,0
cutted_files/VehicleNoise1591.wav,0
cutted_files/VehicleNoise1592.wav,0
cutted_files/VehicleNoise1593.wav,0
cutted_files/VehicleNoise1594.wav,0
cutted_files/VehicleNoise1595.wav,0
cutted_files/VehicleNoise1596.wav,0
cutted_files/VehicleNoise1597.wav,0
cutted_files/VehicleNoise1598.wav,0
cutted_files/VehicleNoise1599.wav,0
cutted_files/VehicleNoise1600.wav,0
cutted_files/VehicleNoise1601.wav,0
cutted_files/VehicleNoise1602.wav,0
cutted_files/VehicleNoise1603.wav,0
cutted_files/VehicleNoise1604.wav,1
cutted_files/VehicleNoise1605.wav,0
cutted_files/VehicleNoise1606.wav,0
cutted_files/VehicleNoise1607.wav,0
cutted_files/VehicleNoise1608.wav,0
cutted_files/VehicleNoise1609.wav,0
cutted_files/VehicleNoise1610.wav,0
cutted_files/VehicleNoise1611.wav,0
cutted_files/VehicleNoise1612.wav,0
cutted_files/VehicleNoise1613.wav,0
cutted_files/VehicleNoise1614.wav,1
cutted_files/VehicleNoise1615.wav,0
cutted_files/VehicleNoise1616.wav,1
cutted_files/VehicleNoise1617.wav,1
cutted_files/VehicleNoise1618.wav,0
cutted_files/VehicleNoise1619.wav,0
cutted_files/VehicleNoise1620.wav,0
cutted_files/VehicleNoise1621.wav,1
cutted_files/VehicleNoise1622.wav,1
cutted_files/VehicleNoise1623.wav,0
cutted_files/VehicleNoise1624.wav,1
cutted_files/VehicleNoise1625.wav,0
cutted_files/VehicleNoise1626.wav,0
cutted_files/VehicleNoise1627.wav,0
cutted_files/VehicleNoise1628.wav,1
cutted_files/VehicleNoise1629.wav,0
cutted_files/VehicleNoise1630.wav,0
cutted_files/VehicleNoise1631.wav,0
cutted_files/VehicleNoise1632.wav,0
cutted_files/VehicleNoise1633.wav,0
cutted_files/VehicleNoise1634.wav,0
cutted_files/VehicleNoise1635.wav,1
cutted_files/VehicleNoise1636.wav,0
cutted_files/VehicleNoise1637.wav,1
cutted_files/VehicleNoise1638.wav,0
cutted_files/VehicleNoise1639.wav,1
cutted_files/VehicleNoise1640.wav,0
cutted_files/VehicleNoise1641.wav,1
cutted_files/VehicleNoise1642.wav,0
cutted_files/VehicleNoise1643.wav,0
cutted_files/VehicleNoise1644.wav,0
cutted_files/VehicleNoise1645.wav,0
cutted_files/VehicleNoise1646.wav,0
cutted_files/VehicleNoise1647.wav,0
cutted_files/VehicleNoise1648.wav,0
cutted_files/VehicleNoise1649.wav,0
cutted_files/VehicleNoise1650.wav,1
cutted_files/VehicleNoise1651.wav,0
cutted_files/VehicleNoise1652.wav,0
cutted_files/VehicleNoise1653.wav,0
cutted_files/VehicleNoise1654.wav,0
cutted_files/VehicleNoise1655.wav,0
cutted_files/VehicleNoise1656.wav,0
cutted_files/VehicleNoise1657.wav,1
cutted_files/VehicleNoise1658.wav,0
cutted_files/VehicleNoise1659.wav,0
cutted_files/VehicleNoise1660.wav,0
cutted_files/VehicleNoise1661.wav,2
cutted_files/VehicleNoise1662.wav,0
cutted_files/VehicleNoise1663.wav,0
cutted_files/VehicleNoise1664.wav,0
cutted_files/VehicleNoise1665.wav,0
cutted_files/VehicleNoise1666.wav,1
cutted_files/VehicleNoise1667.wav,0
cutted_files/VehicleNoise1668.wav,1
cutted_files/VehicleNoise1669.wav,0
cutted_files/VehicleNoise1670.wav,0
cutted_files/VehicleNoise1671.wav,0
cutted_files/VehicleNoise1672.wav,0
cutted_files/VehicleNoise1673.wav,0
cutted_files/VehicleNoise1674.wav,1
cutted_files/VehicleNoise1675.wav,0
cutted_files/VehicleNoise1676.wav,0
cutted_files/VehicleNoise1677.wav,0
cutted_files/VehicleNoise1678.wav,1
cutted_files/VehicleNoise1679.wav,0
cutted_files/VehicleNoise1680.wav,2
cutted_files/VehicleNoise1681.wav,2
cutted_files/VehicleNoise1682.wav,0
cutted_files/VehicleNoise1683.wav,0
cutted_files/VehicleNoise1684.wav,0
cutted_files/VehicleNoise1685.wav,0
cutted_files/VehicleNoise1686.wav,0
cutted_files/VehicleNoise1687.wav,0
cutted_files/VehicleNoise1688.wav,0
cutted_files/VehicleNoise1689.wav,0
cutted_files/VehicleNoise1690.wav,0
cutted_files/VehicleNoise1691.wav,0
cutted_files/VehicleNoise1692.wav,1
cutted_files/VehicleNoise1693.wav,0
cutted_files/VehicleNoise1694.wav,0
cutted_files/VehicleNoise1695.wav,1
cutted_files/VehicleNoise1696.wav,0
cutted_files/VehicleNoise1697.wav,0
cutted_files/VehicleNoise1698.wav,0
cutted_files/VehicleNoise1699.wav,1
cutted_files/VehicleNoise1700.wav,0
cutted_files/VehicleNoise1701.wav,1
cutted_files/VehicleNoise1702.wav,1
cutted_files/VehicleNoise1703.wav,0
cutted_files/VehicleNoise1704.wav,0
